endpoint,p_value,rank,n_tests,bonferroni_p,bonferroni_pass,bh_threshold,bh_pass
lvesv,0.034178857619150536,1,9,0.3076097185723548,False,0.005555555555555556,False
ef,0.13292109074067546,2,9,1.0,False,0.011111111111111112,False
viable_mass,0.16949073680239443,3,9,1.0,False,0.01666666666666667,False
mlwhfq,0.3319945932972501,4,9,1.0,False,0.022222222222222223,False
scar,0.4373984536067398,5,9,1.0,False,0.027777777777777776,False
bnp,0.5404232661390813,6,9,1.0,False,0.03333333333333334,False
lvedv,0.5913114807046749,7,9,1.0,False,0.03888888888888889,False
six_min_walk,0.7230558327789472,8,9,1.0,False,0.044444444444444446,False
nyha,1.0,9,9,1.0,False,0.05,False
