endpoint,label,unit,source,early_change,early_sd,early_n,early_p,late_change,late_sd,late_n,late_p,total_change,separation_benefit_units,opposite_direction
viable_mass,Viable myocardial mass,g,Online Table 7,-10.5,33.31741286474687,5,0.52,15.0,15.609932735281086,7,0.05,3.4,25.5,True
lvesv,LV end-systolic volume,mL,Online Table 7,9.3,14.20704050814243,6,0.17,-7.6,9.05096679918781,8,0.05,-0.35,16.9,True
mlwhfq,Minnesota Living with Heart Failure score,points,Online Table 6,0.7,28.83868929060404,7,0.95,-15.1,29.632414683923415,7,0.22,-7.2,15.799999999999999,True
bnp,B-type natriuretic peptide,% change,Online Table 8,-6.7,35.98221783047843,7,0.43,-18.3,32.807316257200924,7,0.41,-12.0,11.600000000000001,False
six_min_walk,6-minute walk distance,m,Online Table 5,40.5,59.52940449895329,7,0.12,50.9,46.829798205843254,7,0.04,44.4,10.399999999999999,False
lvedv,LV end-diastolic volume,mL,Online Table 7,-1.2,23.27015255644019,6,0.89,-7.6,18.38477631085024,8,0.28,-4.9,6.3999999999999995,False
scar,Scar tissue,% LV,Online Table 7,2.3,7.826237921249264,5,0.55,-1.0,5.026927491022722,7,0.63,0.5,3.3,True
ef,LV ejection fraction,%,Online Table 7,-3.8,3.1843366656181313,6,0.03,-0.6,4.242640687119286,8,0.69,-1.3,3.1999999999999997,False
nyha,NYHA functional class,class,Online Table 6,-0.3,0.7937253933193772,7,0.36,-0.3,0.7937253933193772,7,0.36,-0.3,0.0,False
